{
  "IcoMoonType": "selection",
  "icons": [
    {
      "icon": {
        "paths": [
          "M448 128l128 128h448v704h-1024v-832z"
        ],
        "tags": [
          "folder",
          "directory",
          "category",
          "browse"
        ],
        "defaultCode": 59695,
        "grid": 16,
        "attrs": []
      },
      "attrs": [],
      "properties": {
        "ligatures": "folder, directory",
        "name": "folder",
        "order": 9,
        "id": 48,
        "prevSize": 32,
        "code": 59695
      },
      "setIdx": 0,
      "setId": 1,
      "iconIdx": 47
    },
    {
      "icon": {
        "paths": [
          "M832 960l192-512h-832l-192 512zM128 384l-128 576v-832h288l128 128h416v128z"
        ],
        "tags": [
          "folder-open",
          "directory",
          "category",
          "browse"
        ],
        "defaultCode": 59696,
        "grid": 16,
        "attrs": []
      },
      "attrs": [],
      "properties": {
        "ligatures": "folder-open, directory2",
        "name": "folder-open",
        "order": 8,
        "id": 49,
        "prevSize": 32,
        "code": 59696
      },
      "setIdx": 0,
      "setId": 1,
      "iconIdx": 48
    },
    {
      "icon": {
        "paths": [
          "M576 256l-128-128h-448v832h1024v-704h-448zM704 704h-128v128h-128v-128h-128v-128h128v-128h128v128h128v128z"
        ],
        "tags": [
          "folder-plus",
          "directory",
          "folder-add"
        ],
        "defaultCode": 59697,
        "grid": 16,
        "attrs": []
      },
      "attrs": [],
      "properties": {
        "ligatures": "folder-plus, directory3",
        "name": "folder-plus",
        "order": 31,
        "id": 50,
        "prevSize": 32
      },
      "setIdx": 0,
      "setId": 1,
      "iconIdx": 49
    },
    {
      "icon": {
        "paths": [
          "M544 0l-96 96 96 96-224 256h-224l176 176-272 360.616v39.384h39.384l360.616-272 176 176v-224l256-224 96 96 96-96-480-480zM448 544l-64-64 224-224 64 64-224 224z"
        ],
        "tags": [
          "pushpin",
          "pin"
        ],
        "defaultCode": 59718,
        "grid": 16,
        "attrs": []
      },
      "attrs": [],
      "properties": {
        "ligatures": "pushpin, pin",
        "name": "pushpin",
        "order": 2,
        "id": 71,
        "prevSize": 32,
        "code": 59718
      },
      "setIdx": 0,
      "setId": 1,
      "iconIdx": 70
    },
    {
      "icon": {
        "paths": [
          "M896 0h-896v1024h1024v-896l-128-128zM512 128h128v256h-128v-256zM896 896h-768v-768h64v320h576v-320h74.978l53.022 53.018v714.982z"
        ],
        "tags": [
          "floppy-disk",
          "save"
        ],
        "defaultCode": 59746,
        "grid": 16,
        "attrs": []
      },
      "attrs": [],
      "properties": {
        "ligatures": "floppy-disk, save2",
        "name": "floppy-disk",
        "order": 3,
        "id": 99,
        "prevSize": 32,
        "code": 59746
      },
      "setIdx": 0,
      "setId": 1,
      "iconIdx": 98
    },
    {
      "icon": {
        "paths": [
          "M128 320v640c0 35.2 28.8 64 64 64h576c35.2 0 64-28.8 64-64v-640h-704zM320 896h-64v-448h64v448zM448 896h-64v-448h64v448zM576 896h-64v-448h64v448zM704 896h-64v-448h64v448z",
          "M848 128h-208v-80c0-26.4-21.6-48-48-48h-224c-26.4 0-48 21.6-48 48v80h-208c-26.4 0-48 21.6-48 48v80h832v-80c0-26.4-21.6-48-48-48zM576 128h-192v-63.198h192v63.198z"
        ],
        "tags": [
          "bin",
          "trashcan",
          "remove",
          "delete",
          "recycle",
          "dispose"
        ],
        "defaultCode": 59820,
        "grid": 16,
        "attrs": []
      },
      "attrs": [],
      "properties": {
        "ligatures": "bin, trashcan",
        "name": "bin",
        "order": 5,
        "id": 173,
        "prevSize": 32,
        "code": 59820
      },
      "setIdx": 0,
      "setId": 1,
      "iconIdx": 172
    },
    {
      "icon": {
        "paths": [
          "M896 512h-160l-224 224-224-224h-160l-128 256v64h1024v-64l-128-256zM0 896h1024v64h-1024v-64zM576 320v-256h-128v256h-224l288 288 288-288h-224z"
        ],
        "tags": [
          "download",
          "save",
          "store"
        ],
        "defaultCode": 59845,
        "grid": 16,
        "attrs": []
      },
      "attrs": [],
      "properties": {
        "ligatures": "download2, save4",
        "name": "download2",
        "order": 25,
        "id": 198,
        "prevSize": 32,
        "code": 59845
      },
      "setIdx": 0,
      "setId": 1,
      "iconIdx": 197
    },
    {
      "icon": {
        "paths": [
          "M0 896h1024v64h-1024zM1024 768v64h-1024v-64l128-256h256v128h256v-128h256zM224 320l288-288 288 288h-224v256h-128v-256z"
        ],
        "tags": [
          "upload",
          "load",
          "open"
        ],
        "defaultCode": 59846,
        "grid": 16,
        "attrs": []
      },
      "attrs": [],
      "properties": {
        "ligatures": "upload2, load2",
        "name": "upload2",
        "order": 26,
        "id": 199,
        "prevSize": 32,
        "code": 59846
      },
      "setIdx": 0,
      "setId": 1,
      "iconIdx": 198
    },
    {
      "icon": {
        "paths": [
          "M960 608v-160c0-52.934-43.066-96-96-96-17.104 0-33.176 4.494-47.098 12.368-17.076-26.664-46.958-44.368-80.902-44.368-24.564 0-47.004 9.274-64 24.504-16.996-15.23-39.436-24.504-64-24.504-11.214 0-21.986 1.934-32 5.484v-229.484c0-52.934-43.066-96-96-96s-96 43.066-96 96v394.676l-176.018-93.836c-14.536-8.4-31.126-12.84-47.982-12.84-52.934 0-96 43.066-96 96 0 26.368 10.472 50.954 29.49 69.226 0.248 0.238 0.496 0.47 0.75 0.7l239.17 218.074h-45.41c-17.672 0-32 14.326-32 32v192c0 17.674 14.328 32 32 32h640c17.674 0 32-14.326 32-32v-192c0-17.674-14.326-32-32-32h-44.222l72.844-145.69c2.222-4.442 3.378-9.342 3.378-14.31zM896 864c0 17.674-14.326 32-32 32s-32-14.326-32-32 14.326-32 32-32 32 14.326 32 32zM896 600.446l-83.776 167.554h-383.826l-290.818-265.166c-6.18-6.070-9.58-14.164-9.58-22.834 0-17.644 14.356-32 32-32 5.46 0 10.612 1.31 15.324 3.894 0.53 0.324 1.070 0.632 1.622 0.926l224 119.416c9.92 5.288 21.884 4.986 31.52-0.8 9.638-5.782 15.534-16.196 15.534-27.436v-448c0-17.644 14.356-32 32-32s32 14.356 32 32v320c0 17.672 14.326 32 32 32s32-14.328 32-32c0-17.644 14.356-32 32-32s32 14.356 32 32c0 17.672 14.326 32 32 32s32-14.328 32-32c0-17.644 14.356-32 32-32s32 14.356 32 32v32c0 17.672 14.326 32 32 32s32-14.328 32-32c0-17.644 14.356-32 32-32s32 14.356 32 32v152.446z"
        ],
        "tags": [
          "point-up",
          "finger",
          "direction",
          "hand"
        ],
        "defaultCode": 59907,
        "grid": 16,
        "attrs": []
      },
      "attrs": [],
      "properties": {
        "ligatures": "point-up, finger",
        "name": "point-up",
        "order": 30,
        "id": 260,
        "prevSize": 32,
        "code": 59907
      },
      "setIdx": 0,
      "setId": 1,
      "iconIdx": 259
    },
    {
      "icon": {
        "paths": [
          "M416 960h160c52.934 0 96-43.066 96-96 0-17.104-4.494-33.176-12.368-47.098 26.664-17.076 44.368-46.958 44.368-80.902 0-24.564-9.276-47.004-24.504-64 15.228-16.996 24.504-39.436 24.504-64 0-11.214-1.934-21.986-5.484-32h229.484c52.934 0 96-43.066 96-96s-43.066-96-96-96h-394.676l93.836-176.018c8.4-14.536 12.84-31.126 12.84-47.982 0-52.934-43.066-96-96-96-26.368 0-50.954 10.472-69.226 29.49-0.238 0.248-0.47 0.496-0.7 0.75l-218.074 239.17v-45.41c0-17.672-14.326-32-32-32h-192c-17.674 0-32 14.328-32 32v640c0 17.674 14.326 32 32 32h192c17.674 0 32-14.326 32-32v-44.222l145.69 72.844c4.444 2.222 9.342 3.378 14.31 3.378zM160 896c-17.674 0-32-14.326-32-32s14.326-32 32-32 32 14.326 32 32-14.326 32-32 32zM423.556 896l-167.556-83.778v-383.824l265.168-290.818c6.066-6.18 14.162-9.58 22.832-9.58 17.644 0 32 14.356 32 32 0 5.46-1.308 10.612-3.894 15.324-0.324 0.53-0.632 1.070-0.926 1.622l-119.418 224c-5.288 9.92-4.986 21.884 0.8 31.52 5.784 9.638 16.198 15.534 27.438 15.534h448c17.644 0 32 14.356 32 32s-14.356 32-32 32h-320c-17.672 0-32 14.326-32 32s14.328 32 32 32c17.644 0 32 14.356 32 32s-14.356 32-32 32c-17.674 0-32 14.326-32 32s14.326 32 32 32c17.644 0 32 14.356 32 32s-14.356 32-32 32h-32c-17.674 0-32 14.326-32 32s14.326 32 32 32c17.644 0 32 14.356 32 32s-14.356 32-32 32h-152.444z"
        ],
        "tags": [
          "point-right",
          "finger",
          "direction",
          "hand"
        ],
        "defaultCode": 59908,
        "grid": 16,
        "attrs": []
      },
      "attrs": [],
      "properties": {
        "ligatures": "point-right, finger2",
        "name": "point-right",
        "order": 13,
        "id": 261,
        "prevSize": 32,
        "code": 59908
      },
      "setIdx": 0,
      "setId": 1,
      "iconIdx": 260
    },
    {
      "icon": {
        "paths": [
          "M960 416v160c0 52.934-43.066 96-96 96-17.104 0-33.176-4.494-47.098-12.368-17.076 26.662-46.96 44.368-80.902 44.368-24.564 0-47.004-9.276-64-24.504-16.996 15.228-39.436 24.504-64 24.504-11.214 0-21.986-1.934-32-5.484v229.484c0 52.934-43.066 96-96 96-52.936 0-96-43.066-96-96v-394.676l-176.018 93.836c-14.538 8.398-31.126 12.84-47.982 12.84-52.936 0-96-43.066-96-96 0-26.368 10.472-50.952 29.488-69.226 0.248-0.238 0.496-0.47 0.75-0.7l239.17-218.074h-45.408c-17.674 0-32-14.326-32-32v-192c0-17.674 14.326-32 32-32h640c17.674 0 32 14.326 32 32v192c0 17.674-14.326 32-32 32h-44.222l72.842 145.69c2.224 4.442 3.38 9.342 3.38 14.31zM896 160c0-17.674-14.326-32-32-32s-32 14.326-32 32 14.326 32 32 32 32-14.326 32-32zM896 423.554l-83.778-167.554h-383.824l-290.82 265.168c-6.18 6.066-9.578 14.162-9.578 22.832 0 17.644 14.356 32 32 32 5.458 0 10.612-1.308 15.324-3.894 0.53-0.324 1.070-0.632 1.622-0.926l224-119.416c9.92-5.288 21.884-4.986 31.52 0.8 9.638 5.782 15.534 16.196 15.534 27.436v448c0 17.644 14.356 32 32 32s32-14.356 32-32v-320c0-17.672 14.326-32 32-32s32 14.328 32 32c0 17.644 14.356 32 32 32s32-14.356 32-32c0-17.674 14.326-32 32-32s32 14.326 32 32c0 17.644 14.356 32 32 32s32-14.356 32-32v-32c0-17.674 14.326-32 32-32s32 14.326 32 32c0 17.644 14.356 32 32 32s32-14.356 32-32v-152.446z"
        ],
        "tags": [
          "point-down",
          "finger",
          "direction",
          "hand"
        ],
        "defaultCode": 59909,
        "grid": 16,
        "attrs": []
      },
      "attrs": [],
      "properties": {
        "ligatures": "point-down, finger3",
        "name": "point-down",
        "order": 29,
        "id": 262,
        "prevSize": 32,
        "code": 59909
      },
      "setIdx": 0,
      "setId": 1,
      "iconIdx": 261
    },
    {
      "icon": {
        "paths": [
          "M608 960h-160c-52.934 0-96-43.066-96-96 0-17.104 4.494-33.176 12.368-47.098-26.662-17.076-44.368-46.958-44.368-80.902 0-24.564 9.276-47.004 24.504-64-15.228-16.996-24.504-39.436-24.504-64 0-11.214 1.934-21.986 5.484-32h-229.484c-52.934 0-96-43.066-96-96 0-52.936 43.066-96 96-96h394.676l-93.836-176.018c-8.398-14.536-12.84-31.126-12.84-47.982 0-52.936 43.066-96 96-96 26.368 0 50.952 10.472 69.224 29.488 0.238 0.248 0.472 0.496 0.7 0.75l218.076 239.17v-45.408c0-17.674 14.326-32 32-32h192c17.674 0 32 14.326 32 32v640c0 17.674-14.326 32-32 32h-192c-17.674 0-32-14.326-32-32v-44.222l-145.69 72.844c-4.442 2.222-9.34 3.378-14.31 3.378zM864 896c17.674 0 32-14.326 32-32s-14.326-32-32-32-32 14.326-32 32 14.326 32 32 32zM600.446 896l167.554-83.778v-383.824l-265.168-290.82c-6.066-6.18-14.162-9.578-22.832-9.578-17.644 0-32 14.356-32 32 0 5.458 1.308 10.612 3.894 15.324 0.324 0.53 0.632 1.070 0.926 1.622l119.416 224c5.29 9.92 4.988 21.884-0.798 31.52-5.784 9.638-16.198 15.534-27.438 15.534h-448c-17.644 0-32 14.356-32 32s14.356 32 32 32h320c17.672 0 32 14.326 32 32s-14.328 32-32 32c-17.644 0-32 14.356-32 32s14.356 32 32 32c17.674 0 32 14.326 32 32s-14.326 32-32 32c-17.644 0-32 14.356-32 32s14.356 32 32 32h32c17.674 0 32 14.326 32 32s-14.326 32-32 32c-17.644 0-32 14.356-32 32s14.356 32 32 32h152.446z"
        ],
        "tags": [
          "point-left",
          "finger",
          "direction",
          "hand"
        ],
        "defaultCode": 59910,
        "grid": 16,
        "attrs": []
      },
      "attrs": [],
      "properties": {
        "ligatures": "point-left, finger4",
        "name": "point-left",
        "order": 14,
        "id": 263,
        "prevSize": 32,
        "code": 59910
      },
      "setIdx": 0,
      "setId": 1,
      "iconIdx": 262
    },
    {
      "icon": {
        "paths": [
          "M992 384h-352v-352c0-17.672-14.328-32-32-32h-192c-17.672 0-32 14.328-32 32v352h-352c-17.672 0-32 14.328-32 32v192c0 17.672 14.328 32 32 32h352v352c0 17.672 14.328 32 32 32h192c17.672 0 32-14.328 32-32v-352h352c17.672 0 32-14.328 32-32v-192c0-17.672-14.328-32-32-32z"
        ],
        "tags": [
          "plus",
          "add",
          "sum"
        ],
        "defaultCode": 59914,
        "grid": 16,
        "attrs": []
      },
      "attrs": [],
      "properties": {
        "ligatures": "plus, add",
        "name": "plus",
        "order": 6,
        "id": 267,
        "prevSize": 32,
        "code": 59914
      },
      "setIdx": 0,
      "setId": 1,
      "iconIdx": 266
    },
    {
      "icon": {
        "paths": [
          "M1014.662 822.66c-0.004-0.004-0.008-0.008-0.012-0.010l-310.644-310.65 310.644-310.65c0.004-0.004 0.008-0.006 0.012-0.010 3.344-3.346 5.762-7.254 7.312-11.416 4.246-11.376 1.824-24.682-7.324-33.83l-146.746-146.746c-9.148-9.146-22.45-11.566-33.828-7.32-4.16 1.55-8.070 3.968-11.418 7.31 0 0.004-0.004 0.006-0.008 0.010l-310.648 310.652-310.648-310.65c-0.004-0.004-0.006-0.006-0.010-0.010-3.346-3.342-7.254-5.76-11.414-7.31-11.38-4.248-24.682-1.826-33.83 7.32l-146.748 146.748c-9.148 9.148-11.568 22.452-7.322 33.828 1.552 4.16 3.97 8.072 7.312 11.416 0.004 0.002 0.006 0.006 0.010 0.010l310.65 310.648-310.65 310.652c-0.002 0.004-0.006 0.006-0.008 0.010-3.342 3.346-5.76 7.254-7.314 11.414-4.248 11.376-1.826 24.682 7.322 33.83l146.748 146.746c9.15 9.148 22.452 11.568 33.83 7.322 4.16-1.552 8.070-3.97 11.416-7.312 0.002-0.004 0.006-0.006 0.010-0.010l310.648-310.65 310.648 310.65c0.004 0.002 0.008 0.006 0.012 0.008 3.348 3.344 7.254 5.762 11.414 7.314 11.378 4.246 24.684 1.826 33.828-7.322l146.746-146.748c9.148-9.148 11.57-22.454 7.324-33.83-1.552-4.16-3.97-8.068-7.314-11.414z"
        ],
        "tags": [
          "cross",
          "cancel",
          "close",
          "quit",
          "remove"
        ],
        "defaultCode": 59919,
        "grid": 16,
        "attrs": []
      },
      "attrs": [],
      "properties": {
        "ligatures": "cross, cancel",
        "name": "cross",
        "order": 7,
        "id": 272,
        "prevSize": 32,
        "code": 59919
      },
      "setIdx": 0,
      "setId": 1,
      "iconIdx": 271
    },
    {
      "icon": {
        "paths": [
          "M384 512h-320v-128h320v-128l192 192-192 192zM1024 0v832l-384 192v-192h-384v-256h64v192h320v-576l256-128h-576v256h-64v-320z"
        ],
        "tags": [
          "enter",
          "signin",
          "login"
        ],
        "defaultCode": 59923,
        "grid": 16,
        "attrs": []
      },
      "attrs": [],
      "properties": {
        "ligatures": "enter, signin",
        "name": "enter",
        "order": 23,
        "id": 276,
        "prevSize": 32,
        "code": 59923
      },
      "setIdx": 0,
      "setId": 1,
      "iconIdx": 275
    },
    {
      "icon": {
        "paths": [
          "M768 640v-128h-320v-128h320v-128l192 192zM704 576v256h-320v192l-384-192v-832h704v320h-64v-256h-512l256 128v576h256v-192z"
        ],
        "tags": [
          "exit",
          "signout",
          "logout",
          "quit",
          "close"
        ],
        "defaultCode": 59924,
        "grid": 16,
        "attrs": []
      },
      "attrs": [],
      "properties": {
        "ligatures": "exit, signout",
        "name": "exit",
        "order": 24,
        "id": 277,
        "prevSize": 32,
        "code": 59924
      },
      "setIdx": 0,
      "setId": 1,
      "iconIdx": 276
    },
    {
      "icon": {
        "paths": [
          "M256 896v-768h128v352l320-320v704l-320-320v352z"
        ],
        "tags": [
          "previous",
          "player"
        ],
        "defaultCode": 59939,
        "grid": 16,
        "attrs": []
      },
      "attrs": [],
      "properties": {
        "ligatures": "previous2, player15",
        "name": "previous2",
        "order": 17,
        "id": 292,
        "prevSize": 32,
        "code": 59939
      },
      "setIdx": 0,
      "setId": 1,
      "iconIdx": 291
    },
    {
      "icon": {
        "paths": [
          "M768 128v768h-128v-352l-320 320v-704l320 320v-352z"
        ],
        "tags": [
          "next",
          "player"
        ],
        "defaultCode": 59940,
        "grid": 16,
        "attrs": []
      },
      "attrs": [],
      "properties": {
        "ligatures": "next2, player16",
        "name": "next2",
        "order": 18,
        "id": 293,
        "prevSize": 32,
        "code": 59940
      },
      "setIdx": 0,
      "setId": 1,
      "iconIdx": 292
    },
    {
      "icon": {
        "paths": [
          "M992 512l-480-480v288h-512v384h512v288z"
        ],
        "tags": [
          "arrow-right",
          "right",
          "next"
        ],
        "defaultCode": 59956,
        "grid": 16,
        "attrs": []
      },
      "attrs": [],
      "properties": {
        "ligatures": "arrow-right, right3",
        "name": "arrow-right",
        "order": 19,
        "id": 309,
        "prevSize": 32,
        "code": 59956
      },
      "setIdx": 0,
      "setId": 1,
      "iconIdx": 308
    },
    {
      "icon": {
        "paths": [
          "M32 512l480 480v-288h512v-384h-512v-288z"
        ],
        "tags": [
          "arrow-left",
          "left",
          "previous"
        ],
        "defaultCode": 59960,
        "grid": 16,
        "attrs": []
      },
      "attrs": [],
      "properties": {
        "ligatures": "arrow-left, left3",
        "name": "arrow-left",
        "order": 20,
        "id": 313,
        "prevSize": 32,
        "code": 59960
      },
      "setIdx": 0,
      "setId": 1,
      "iconIdx": 312
    },
    {
      "icon": {
        "paths": [
          "M621.254 877.254l320-320c24.994-24.992 24.994-65.516 0-90.51l-320-320c-24.994-24.992-65.516-24.992-90.51 0-24.994 24.994-24.994 65.516 0 90.51l210.746 210.746h-613.49c-35.346 0-64 28.654-64 64s28.654 64 64 64h613.49l-210.746 210.746c-12.496 12.496-18.744 28.876-18.744 45.254s6.248 32.758 18.744 45.254c24.994 24.994 65.516 24.994 90.51 0z"
        ],
        "tags": [
          "arrow-right",
          "right",
          "next"
        ],
        "defaultCode": 59964,
        "grid": 16,
        "attrs": []
      },
      "attrs": [],
      "properties": {
        "ligatures": "arrow-right2, right4",
        "name": "arrow-right2",
        "order": 21,
        "id": 317,
        "prevSize": 32,
        "code": 59964
      },
      "setIdx": 0,
      "setId": 1,
      "iconIdx": 316
    },
    {
      "icon": {
        "paths": [
          "M402.746 877.254l-320-320c-24.994-24.992-24.994-65.516 0-90.51l320-320c24.994-24.992 65.516-24.992 90.51 0 24.994 24.994 24.994 65.516 0 90.51l-210.746 210.746h613.49c35.346 0 64 28.654 64 64s-28.654 64-64 64h-613.49l210.746 210.746c12.496 12.496 18.744 28.876 18.744 45.254s-6.248 32.758-18.744 45.254c-24.994 24.994-65.516 24.994-90.51 0z"
        ],
        "tags": [
          "arrow-left",
          "left",
          "previous"
        ],
        "defaultCode": 59968,
        "grid": 16,
        "attrs": []
      },
      "attrs": [],
      "properties": {
        "ligatures": "arrow-left2, left4",
        "name": "arrow-left2",
        "order": 22,
        "id": 321,
        "prevSize": 32,
        "code": 59968
      },
      "setIdx": 0,
      "setId": 1,
      "iconIdx": 320
    },
    {
      "icon": {
        "paths": [
          "M704 512v384h64v-384h160l-192-192-192 192z",
          "M64 192h96v64h-96v-64z",
          "M192 192h96v64h-96v-64z",
          "M320 192h64v96h-64v-96z",
          "M64 416h64v96h-64v-96z",
          "M160 448h96v64h-96v-64z",
          "M288 448h96v64h-96v-64z",
          "M64 288h64v96h-64v-96z",
          "M320 320h64v96h-64v-96z",
          "M320 704v192h-192v-192h192zM384 640h-320v320h320v-320z"
        ],
        "tags": [
          "move-up",
          "sort",
          "arrange"
        ],
        "defaultCode": 59974,
        "grid": 16,
        "attrs": []
      },
      "attrs": [],
      "properties": {
        "ligatures": "move-up, sort",
        "name": "move-up",
        "order": 27,
        "id": 327,
        "prevSize": 32,
        "code": 59974
      },
      "setIdx": 0,
      "setId": 1,
      "iconIdx": 326
    },
    {
      "icon": {
        "paths": [
          "M768 704v-384h-64v384h-160l192 192 192-192z",
          "M320 256v192h-192v-192h192zM384 192h-320v320h320v-320z",
          "M64 640h96v64h-96v-64z",
          "M192 640h96v64h-96v-64z",
          "M320 640h64v96h-64v-96z",
          "M64 864h64v96h-64v-96z",
          "M160 896h96v64h-96v-64z",
          "M288 896h96v64h-96v-64z",
          "M64 736h64v96h-64v-96z",
          "M320 768h64v96h-64v-96z"
        ],
        "tags": [
          "move-down",
          "sort",
          "arrange"
        ],
        "defaultCode": 59975,
        "grid": 16,
        "attrs": []
      },
      "attrs": [],
      "properties": {
        "ligatures": "move-down, sort2",
        "name": "move-down",
        "order": 28,
        "id": 328,
        "prevSize": 32,
        "code": 59975
      },
      "setIdx": 0,
      "setId": 1,
      "iconIdx": 327
    }
  ],
  "height": 1024,
  "preferences": {
    "showGlyphs": true,
    "showQuickUse": true,
    "showQuickUse2": true,
    "showSVGs": true,
    "fontPref": {
      "prefix": "icon-",
      "metadata": {
        "fontFamily": "icomoon"
      },
      "metrics": {
        "emSize": 1024,
        "baseline": 6.25,
        "whitespace": 50
      },
      "embed": false,
      "autoHost": false
    },
    "imagePref": {
      "prefix": "icon-",
      "png": true,
      "useClassSelector": true,
      "color": 0,
      "bgColor": 16777215,
      "classSelector": ".icon"
    },
    "historySize": 50,
    "showCodes": true,
    "gridSize": 16,
    "quickUsageToken": {
      "UntitledProject": "ZThiNzcwM2ZlZjQ3ZjM3MjU2ZWIxOGVkY2EyZTQ2ZWQjMSMxNTI5MDEzNjk3IyMj"
    }
  }
}